{"cameraMode":{"drawMode":0,"name":"Shaded","section":"Shading Mode"},"sceneLighting":true,"audioPlay":false,"sceneViewState":{"m_AlwaysRefresh":false,"showFog":true,"showSkybox":true,"showFlares":true,"showImageEffects":true,"showParticleSystems":true,"showVisualEffectGraphs":true,"m_FxEnabled":true},"in2DMode":false,"pivot":{"x":5.16646671295166,"y":0.3069000244140625,"z":27.482391357421876},"rotation":{"x":-0.18215079605579377,"y":-0.037750717252492908,"z":0.006998381111770868,"w":-0.9825182557106018},"size":52.6572380065918,"orthographic":false}